{
  "persons": [
    {
      "firstName": "John",
      "lastName": "doe",
      "age": 26,
      "id": 1,
      "address": "Chicago,USA",
      "phoneNumbers": "123-456-78910"
    },
    {
      "firstName": "two",
      "lastName": "doe",
      "age": 26,
      "address": "Chicago,USA",
      "phoneNumbers": "123-456-78910",
      "id": 2
    },
    {
      "firstName": "four",
      "lastName": "ji",
      "age": 26,
      "address": "Chicago,USA",
      "phoneNumbers": "123-456-78910",
      "id": 4
    },
    {
      "firstName": "four",
      "lastName": "ji",
      "age": 26,
      "address": "Chicago,USA",
      "phoneNumbers": "123-456-78910",
      "id": 5
    },
    {
      "firstName": "four",
      "lastName": "ji",
      "age": 26,
      "address": "Chicago,USA",
      "phoneNumbers": "123-456-78910",
      "id": 6
    },
    {
      "firstName": "four",
      "lastName": "ji",
      "age": 26,
      "address": "Chicago,USA",
      "phoneNumbers": "123-456-78910",
      "id": 7
    },
    {
      "firstName": "four",
      "lastName": "ji",
      "age": 26,
      "address": "Chicago,USA",
      "phoneNumbers": "123-456-78910",
      "id": 8
    },
    {
      "firstName": "four",
      "lastName": "ji",
      "age": 26,
      "address": "Chicago,USA",
      "phoneNumbers": "123-456-78910",
      "id": 9
    },
    {
      "firstName": "four",
      "lastName": "ji",
      "age": 26,
      "address": "Chicago,USA",
      "phoneNumbers": "123-456-78910",
      "id": 10
    },
    {
      "firstName": "four",
      "lastName": "ji",
      "age": 26,
      "address": "Chicago,USA",
      "phoneNumbers": "123-456-78910",
      "id": 11
    },
    {
      "firstName": "four",
      "lastName": "ji",
      "age": 26,
      "address": "Chicago,USA",
      "phoneNumbers": "123-456-78910",
      "id": 12
    },
    {
      "firstName": "four",
      "lastName": "ji",
      "age": 26,
      "address": "Chicago,USA",
      "phoneNumbers": "123-456-78910",
      "id": 13
    },
    {
      "firstName": "four",
      "lastName": "ji",
      "age": 26,
      "address": "Chicago,USA",
      "phoneNumbers": "123-456-78910",
      "id": 14
    },
    {
      "firstName": "four",
      "lastName": "ji",
      "age": 26,
      "address": "Chicago,USA",
      "phoneNumbers": "123-456-78910",
      "id": 15
    },
    {
      "firstName": "Lucky",
      "lastName": "ji",
      "age": 26,
      "address": "Chicago,USA",
      "phoneNumbers": "123-456-78910",
      "id": 16
    }
  ]
}